Row Labels,Sum of critical + direct,entity_type
Envigo RMS LLC,64,ORG
SANDSTONE VALLEY LLC,6,ORG
LUV MY PUP LLC,4,ORG
Cowtown Frenchies and Bluebonnet Bulldogs LLC,4,ORG
CAPTIVA KENNEL INC.,4,ORG
Silky Pets LLC,2,ORG
"Royal Heritage Kennel, LLC",2,ORG
KRUSE FARM ENTERPRISES INC.,2,ORG
J & A ACRES LLC,2,ORG
J Maassen Inc,2,ORG
Dots Little Doggies Inc.,2,ORG
FEDLER AG INC.,2,ORG
Indian Ridge Kennel LLC,2,ORG
CLOUDY DAY LANE LLC,2,ORG
Clover Hill Acres LLC,2,ORG
SUGARFORK KENNELS L L C,1,ORG
Valness Yorkies LLC,0,ORG
SIXTH DAY KENNELS LLC,0,ORG
Whistle Time LLC,0,ORG
Skyline View LLC,0,ORG
South Ridge Kennel Inc.,0,ORG
Southern Indiana Frenchies LLC,0,ORG
Spring River Pups LLC,0,ORG
Squaw Creek Kennels LLC,0,ORG
Siess Ranch LLC,0,ORG
WALNUT RIDGE CUDDLY CANINES LLC,0,ORG
"Walnut Valley Pets, LLC",0,ORG
Waterman Farms Inc.,0,ORG
TRAIL END ACRES LLC,0,ORG
Tri Valley Resources LLC,0,ORG
"Triple H's Farm, LLC",0,ORG
Two B Kennels LLC,0,ORG
Stoney Acres Kennel,0,ORG
Stoney Creek Kennel LLC,0,ORG
Stoney Hill Kennel LLC,0,ORG
VALLEY VIEW K 9S LLC,0,ORG
STRAIGHTLINE KENNELS LLC,0,ORG
"Stuart Enterprises, LLC",0,ORG
Sugar Bulldogs LLC,0,ORG
"Sugar Camp Farm, Inc",0,ORG
Sugar Valley Canine LLC,0,ORG
Sugarbear Exotics LLC,0,ORG
Viking Country Kennel LLC,0,ORG
SUMMERS GOLDENS LLC,0,ORG
Wagging Tails LLC,0,ORG
Sunny Creek Farms,0,ORG
Walnut Creek Kennels,0,ORG
Sherwood Boutique and School for Dogs,0,ORG
Sunny Ridge Doodles LLC,0,ORG
Sunrise Kennels LLC,0,ORG
Sunrise Pets LLC,0,ORG
Wanee Puppy Tales LLC,0,ORG
Washausen Kennels LLC,0,ORG
Sunrise Valley LLC,0,ORG
Sunset Grove Kennels LLC,0,ORG
SUNSET KENNELS LLC,0,ORG
Sunset Pets LLC,0,ORG
Sunset View Kennels LLC,0,ORG
Sunset View Puppies LLC,0,ORG
Whipperwillridge LLC,0,ORG
Whispering Pines Kennel LLC,0,ORG
Sunvalley Kennel LLC,0,ORG
"Shiraz Farm, LLP",0,ORG
Sweet Opal Farms L L C,0,ORG
Top Notch Breeders LLC,0,ORG
"SZ ROLLING ACRES, LLC",0,ORG
T.V.K. LLC,0,ORG
Treasured Paws LLC,0,ORG
Tag Along Puppies LLC,0,ORG
Tall Pine LLC,0,ORG
Triple EEE Farms LLC,0,ORG
United Pets LLC,0,ORG
"Valley Ridge Kennel, LLC",0,ORG
SHOW ME SANDHILLS FARM LLC,0,ORG
Taylor Ridge Kennel LLC,0,ORG
TEACHERS PETS LLC,0,ORG
Teddy Bear Playground LLC,0,ORG
Tellier's AKC Boston Terriers,0,ORG
"Virginia Coast Poodles, LLC",0,ORG
Von Waldberg Inc,0,ORG
Walnut Grove Kennel LLC,0,ORG
Walnut Ridge Kennel LLC,0,ORG
Walnut Valley Pets LLC,0,ORG
Walters Land and Cattle Company,0,ORG
That'll Do Kennel LLC,0,ORG
The Perky Pack LLC,0,ORG
The Woof Gang LLC,0,ORG
SILVERSTAKE LODE LLC,0,ORG
THISTLEDOWN FARM LLC,0,ORG
SIMLERS KENNEL LLC,0,ORG
Whispering Pine Fish Farm LLC,0,ORG
Whispering Pines Puppies Inc,0,ORG
WILD N OATS EXOTICS LLC,0,ORG
Timbercreek Puppies Inc,0,ORG
Timberside K-9 LLC,0,ORG
Shoal Creek Puppies LLC,0,ORG
Wisdom Home Front Family Labs,0,ORG
Woodland Canines LLC,0,ORG
WOODLAND PUPPIES LLC,0,ORG
Woodside Pets LLC,0,ORG
Yoast Station Farm,0,ORG
Zimmerman French Bulldogs LLC,0,ORG
Willow Run Puppies LLC W.S.,0,ORG
Winn Dixie Kennel LLC,0,ORG
WLK Kennels LLC,0,ORG
Wooded Creek Kennel LLC,0,ORG
Woodlot Companions LLC,0,ORG
Woodside Kennels,0,ORG
Woodward Bulldogs LLC,0,ORG
"Yoder Valley Pets, LLC",0,ORG
Tiny Paws Pups LLC,0,ORG
TLC Puppies,0,ORG
"Paws to Admire, Inc",0,ORG
Pawsitive Memories LLC,0,ORG
Peaceful Acres Puppies LLC,0,ORG
Select Dachshunds LLC,0,ORG
Peaceful Paws Puppies LLC,0,ORG
"Peaceful Paws Puppies, LLC",0,ORG
Peaceful Pines LLC,0,ORG
"Pedigree Ranch, Inc.",0,ORG
Penchant Paws LLC,0,ORG
Rocky Road Kennel LLC,0,ORG
Rolling Hills Puppies LLC,0,ORG
Rockefeller Doodles,0,ORG
Phantom Hollow Kennel LLC,0,ORG
Philip M. Hoover LLC,0,ORG
SHADY KENNELS LLC,0,ORG
Paw Paradise Kennel LLC,0,ORG
Pine Creek Bull Dog LLC,0,ORG
Paws Elite LLC,0,ORG
Pine Creek Enterprises Inc,0,ORG
PINE CREEK PUPPIES LLC,0,ORG
Pine View Pets LLC,0,ORG
Pinegrove Kennels LLC,0,ORG
PK Pups LLC,0,ORG
Playful Paws LLC,0,ORG
Pleasant View Kennel LLC,0,ORG
PLP KENNEL_ Cancelled Account,0,ORG
Rock Springs Kennel LLC,0,ORG
POMS RULE INC,0,ORG
Rocky Lawn Acres LLC,0,ORG
Pond View Puppies LLC,0,ORG
Rockytopp Kennel LLC,0,ORG
PONDVIEW KENNEL LLC,0,ORG
"Posh Puppies, LLC",0,ORG
"Poultry Plus, LLC",0,ORG
Prairie Springs Kennel LLC,0,ORG
Prairie View Kennels LLC,0,ORG
"Precious Puppies, Inc",0,ORG
PREMIER BULLDOG ENTERPRISE INC,0,ORG
"Premier Puppies, LLC",0,ORG
Premium Paws LLC,0,ORG
Prestige Pets LLC,0,ORG
Pretty Poochies Puppies LLC,0,ORG
Primo Puppies LLC,0,ORG
"Roy's Ultimate Kennels, LLC",0,ORG
Puget Sound Doodles LLC,0,ORG
"Puppy Lodge, LLC",0,ORG
Puppy Love Kennel LLC,0,ORG
Puppy Love LLC,0,ORG
Puppy Love Puppies LLC,0,ORG
Puppy Place Inc.,0,ORG
Puppys R Us LLC,0,ORG
PUPPYSTARS INC.,0,ORG
PURPLE PAWS LLC,0,ORG
Quinn LLC,0,ORG
R Family Kennel LLC,0,ORG
R Valley Pets LLC,0,ORG
Railside Acres LLC,0,ORG
Rainbow Creek Kennels,0,ORG
"Schnauzer Heaven Von Longbach, LLC",0,ORG
Shadow Valley LLC,0,ORG
Shady Lawn Kennels LLC,0,ORG
Paw Print Companions LLC,0,ORG
Rock Ridge Golden Retrievers LLC,0,ORG
Rock'N V Ranch LLC,0,ORG
"Rolling Acres Stables, LLC",0,ORG
Rebar Kennels LLC,0,ORG
Roscot Painted Acres Inc.,0,ORG
Red Shed Puppies Ltd,0,ORG
Reisman LLC,0,ORG
Russow Ranch LLC,0,ORG
S & A Kennels,0,ORG
Sally Suschnick Kennel LLC,0,ORG
SAMZS LLC,0,ORG
SCHUYLER CREEK FARM,0,ORG
Serenity Ridge Farm,0,ORG
Shady Acres Kennel LLC,0,ORG
Shady Lane Kennels LLC,0,ORG
Shady Oak Frenchies LLC,0,ORG
Shangrila Kennel LLC,0,ORG
River Bend Puppies LLC,0,ORG
River Bottom Acres LLC,0,ORG
Paw Prints LLC,0,ORG
Riversedge Bulldogs LLC,0,ORG
RMG Bulldogs & teacups LLC,0,ORG
Roadside Puppies LLC,0,ORG
"Paw Prints on my Heart, LLC",0,ORG
"Ridge Road Farms, LLC",0,ORG
Ridge Road Kennels LLC,0,ORG
Shepherd Hills Kennel LLC,0,ORG
Ridglan Farms Inc,0,ORG
Riley Mack Kennel LLC,0,ORG
SHERLYN RICKETTS DAVY RICKETTS,0,ORG
Monrou Enterprises Inc.,0,ORG
Mullberry Hill Farm & Kennel,0,ORG
Pacific Doodles LLC,0,ORG
Manchesters LLC,0,ORG
Marda Family Pups LLC,0,ORG
N V PUPS LLC,0,ORG
Nature's Own LLC,0,ORG
North Fork Puppies LLC,0,ORG
"Ozark Mtn Corgis, Shepherds and Bernese LLC",0,ORG
Marshall Farms Group LTD,0,ORG
Mid-America K9 Services LLC,0,ORG
Milestone Enterprise LLC,0,ORG
Millwood Puppies LLC,0,ORG
Maple Springs Kennel,0,ORG
Maple View Pets LLC,0,ORG
Oakley Sharp Kennels LLC,0,ORG
Miami Deluxe Bullyz LLC,0,ORG
Mahantongo Farms,0,ORG
MARY MARGARETS PUPS LLC,0,ORG
"Middleberry Patch, LLC",0,ORG
Miller Family Pets LLC,0,ORG
"Millers Seamless Guttering, LLC",0,ORG
Mystic Sunset Kennel LLC,0,ORG
NA Schwartz LLC,0,ORG
Meadowview Enterprises,0,ORG
Melvins Dobermans LLC,0,ORG
Oak Hill Genetics LLC,0,ORG
OAK RIDGE KENNEL LLC,0,ORG
Oak Tree Pets LLC,0,ORG
OLa Jo's LLC,0,ORG
OPALONYX DALMATIANS LLC,0,ORG
Orwig Investments LLC,0,ORG
Ozark Mountain Corgis and Shepherds LLC,0,ORG
Ozark Valley Puppies LLC,0,ORG
P. J.'s Puppies LLC,0,ORG
Margies Pets LLC,0,ORG
Passionate Puppies LLC,0,ORG
Patch Of Heaven Kennel LLC,0,ORG
Lone Oak Kennel LLC,0,ORG
Kaskie Farm Inc,0,ORG
"K & E Kennels, Inc.",0,ORG
"Lazy River Kennel, LLC",0,ORG
Legacy & Liberty LLC,0,ORG
KD Family Pets LLC,0,ORG
"KDR Investments, LLC",0,ORG
"Little Companions, LLC",0,ORG
K & K Kanines Inc,0,ORG
LONESTAR DOGGIE VENTURES INC,0,ORG
"Lovin' Pups, LLC",0,ORG
LTs Mountain Man Store,0,ORG
Kerns Farms Corp,0,ORG
M&A Pets LLC,0,ORG
K & R Puppies LLC,0,ORG
Kandy's Puppies LLC,0,ORG
Kapital K9 German Shepherds LLC,0,ORG
K and M Pets LLC,0,ORG
Kings Kids Ministry Inc.,0,ORG
KMC Kennels LLC,0,ORG
Kounty Line Kennel LLC,0,ORG
KRC Ozark Mountain Bloodhounds,0,ORG
K FRANK INC,0,ORG
Kuntry Pups Kennel LLC,0,ORG
Kuntry View Acres LLC,0,ORG
LIBERTY RESEARCH INC,0,ORG
K9 University,0,ORG
Lafary Poms LLC,0,ORG
Lakeside Pets LLC,0,ORG
LANDREES LHASAS LLC,0,ORG
LARKA ENTERPRISES INC.,0,ORG
"Little Paws of Iowa, LLC",0,ORG
Lone Tree Kennel LLC,0,ORG
Lovable K-9s LLC,0,ORG
Love Wrinkles LLC,0,ORG
M&M Pets LLC,0,ORG
"Jandjsbullpack, Inc",0,ORG
"JBK Nebraska Dog, LLC",0,ORG
JCR Kennels LLC,0,ORG
J & J Stamper LLC,0,ORG
J & K JIMTOWN BULLIES LLC,0,ORG
Integrity Pets LLC,0,ORG
J&L Farms,0,ORG
"Jabez Blessing, Inc",0,ORG
"Joyful-Pups, LLC",0,ORG
JRS Farm LLC,0,ORG
JK Puppies LLC,0,ORG
JK5 Farms LLC,0,ORG
JKM LLC,0,ORG
JM Pets LLC,0,ORG
JMK Kennels LLC,0,ORG
Jo Mar Kennel LLC,0,ORG
"Jackies Happy Tails, LLC",0,ORG
JEZI LLC,0,ORG
Double R Cattle CO Inc.,0,ORG
Dreamy Puppy LLC,0,ORG
Friendly Canines LLC,0,ORG
Dry Branch Kennels LLC,0,ORG
Doodle Dog Hill LLC,0,ORG
GRABER FAMILY FARMS LLC,0,ORG
DUNN BROKUS KENNEL INC,0,ORG
Griffin Farms Kennel LLC,0,ORG
Hidden Hollow K-9 LLC,0,ORG
Hilltop Kennels LLC,0,ORG
Dusty Lane Kennel LLC,0,ORG
Hooves N Paws Haven,0,ORG
Dusty Road Kennel LLC,0,ORG
Furry Grandeur Pets LLC,0,ORG
Golden Sunset Hills LLC,0,ORG
"East Texas Aquaranch, Ltd",0,ORG
Ebel Enterprises Inc.,0,ORG
GULF COAST GREAT DANES LLC,0,ORG
Echo Ridge Kennel LLC,0,ORG
Heartstring Kennels LLC,0,ORG
Hershy Acres LLC,0,ORG
Hilltop Pups LLC,0,ORG
Edgeview Kennel LLC,0,ORG
Horseshoe Lake Farms LLC,0,ORG
Fly Away Properties LLC,0,ORG
Frywoods Farm and Kennel LLC,0,ORG
Grassy Ridge Kennels LLC,0,ORG
DLM Farms LLC,0,ORG
Heartland Classics LLC,0,ORG
HEBREWS 13:2 INC.,0,ORG
Elite Hoosier Pets LLC,0,ORG
Hickory Valley Pets LLC,0,ORG
HIDDEN NOOK KENNELS LLC,0,ORG
HILL COUNTRY PAWS LLC,0,ORG
HND LLC,0,ORG
Hopeview Canines LLC,0,ORG
Elkhorn Veterinary Clinic PC,0,ORG
Ford Enterprises LLC,0,ORG
Four Corner Puppies LLC,0,ORG
Fox Creek Kennel LLC,0,ORG
French West Frenchies LLC,0,ORG
Frenchie's Canine Bordello LLC,0,ORG
Friends For Life Pets,0,ORG
Fur Friends Kennel LLC,0,ORG
Glade Rock Farms LLC,0,ORG
Golden Meadows Farm,0,ORG
"Gorilla Backs Kennel, LLC",0,ORG
"Graber Mini Barns, LLC",0,ORG
Grandview Puppies LLC,0,ORG
GREEN MOUNTAIN LLC,0,ORG
"Greyson Orchard, LLC",0,ORG
"Griffin Kennels, LLC",0,ORG
"Heartland K9, LLC",0,ORG
Double D Kennel LLC,0,ORG
Heartland Kennel LLC,0,ORG
HEARTS OF GOLD RETRIEVERS LLC,0,ORG
Heavenly Chows LLC,0,ORG
Evans Creek Kennel LLC,0,ORG
Fairview Kennels LLC,0,ORG
HERITAGE FARMS LLC,0,ORG
Family Fun Canine LLC,0,ORG
Family Pets LLC,0,ORG
Hickory Lane Kennel LLC,0,ORG
Hidden Nook Kennel LLC,0,ORG
Dixieland Bullies LLC,0,ORG
Hill Peak Inc.,0,ORG
FARMSTEAD'S PUPPY PARADISE LLC,0,ORG
Hillcrest Land Company LLC,0,ORG
Hillside Kennel LLC,0,ORG
Hillside Kennels LLC,0,ORG
Hilltop Kennel LLC,0,ORG
Hilltop Puppies LLC,0,ORG
"Financially Unstable, LLC",0,ORG
First Light Farms LLC,0,ORG
HOMESTEAD PUPPIES LLC,0,ORG
Flat Creek Farm,0,ORG
Flowerbox Friends LLC,0,ORG
Horseshoe Drive Kennel LLC,0,ORG
"Hunter Ridge Kennels, LLC",0,ORG
Double B Inc,0,ORG
Dennehy Services Llc,0,ORG
CHUPP FARMS CANINE LLC,0,ORG
Circle Drive Pets LLC,0,ORG
"CKS Investments, Inc.",0,ORG
Clark Station Kennels LLC,0,ORG
Cedar Hill Kennels LLC,0,ORG
Cedar Lane Pets LLC,0,ORG
Clear Fork Companions LLC,0,ORG
Cloveridge Kennel LLC,0,ORG
DAVIDSON ENTERPRISES,0,ORG
Daystar Puppies LLC,0,ORG
COMFORT CANINES LLC,0,ORG
COMPANIONS FOREVER LLC,0,ORG
Cornerstone Cavaliers LLC,0,ORG
"Cedar Tree Farms, LLC",0,ORG
Country Acres Kennel LLC,0,ORG
Country Hill Kennel LLC,0,ORG
Country Kennels LLC,0,ORG
Country Meadow Pets LLC,0,ORG
COUNTRY MINI DOODLE FARMS LLC,0,ORG
COUNTRY MINIDOODLES LLC,0,ORG
Country Road Canines LLC,0,ORG
Country Road Kennels LLC,0,ORG
Country Sky Farms LLC,0,ORG
Countryside Kennel LLC,0,ORG
Countryside Stone LLC,0,ORG
County Line Kennel LLC,0,ORG
COVANCE RESEARCH PRODUCTS INC,0,ORG
Cedar Valley Puppies LLC,0,ORG
Crazy Y Holdings Inc,0,ORG
Creek Bottom Kennels LLC,0,ORG
Creek Side Enterprises,0,ORG
Creek Side Puppies LLC,0,ORG
Creek View Kennel LLC,0,ORG
Creekside Goldendoodles LLC,0,ORG
Creekside Homestead LLC,0,ORG
CREEKSIDE KENNELS LLC,0,ORG
Creekview Canines LLC,0,ORG
"Cross D Ranch, LLC",0,ORG
Crowwoods Homestead LLC,0,ORG
CUDDLY CRITTERS LLC,0,ORG
Cute Critter Kennel LLC,0,ORG
CW Farms,0,ORG
Cyclone Ridge Kennels LLC,0,ORG
D & F Kennel LLC,0,ORG
D'Awesome K9 LLC,0,ORG
Daynes Ridge Kennel LLC,0,ORG
D&K VanDerVliet Inc,0,ORG
DC FARMS LLC,0,ORG
Dallas Park Pets LLC,0,ORG
Deer Hollow Kennel LLC,0,ORG
Dandelion Acres LLC,0,ORG
DANES AND DOODLES LLC,0,ORG
Diamond Doggies LLC,0,ORG
Daniel Gurley LLC,0,ORG
Brooklea Farm LLC,0,ORG
Beechvale Kennel LLC,0,ORG
A&L Repair LLC,0,ORG
Big Gulch Kennels LLC,0,ORG
"Breezy Knoll Belgian, LLC",0,ORG
ALPINE LANE PAWS LTD,0,ORG
Bernard Enterprises Inc.,0,ORG
Big Star Kennel LLC,0,ORG
BK Ventures LLC,0,ORG
"Blu Sky Kennels, LLC",0,ORG
Bruna Kennels LLC,0,ORG
Button Spring Cattle Company LLC,0,ORG
Calperry Furry Friends Ranch LLC,0,ORG
ACORN RIDGE FARM LLC,0,ORG
Beaver Creek Kennel LLC,0,ORG
Berger Des Longwoods LLC,0,ORG
Berry Patch Puppies LLC,0,ORG
BIG BAY KENNELS LLC,0,ORG
Big Pond LLC,0,ORG
BJ'S & Guys LLC,0,ORG
"Black Powder Farm, LLC",0,ORG
Blue House Cavaliers,0,ORG
BLUE SKY KENNEL LLC,0,ORG
ANTECH INC.,0,ORG
Bon Acres LLC,0,ORG
BONNIES ANGELS MALTESE INC,0,ORG
Boulder Oaks Kennel LLC,0,ORG
AR Premium Pets LLC,0,ORG
"Bravo Whiskey Shorthairs, LLC",0,ORG
"Arrow B Farms, LLC",0,ORG
Arrow Valley LLC,0,ORG
AS Enterprises LLC,0,ORG
Brookwood Collies LLC,0,ORG
Burkholder Bulldogs LLC,0,ORG
Butler Family Farm LLC,0,ORG
Candlelight Companions LLC,0,ORG
Caring Paws LLC,0,ORG
414 Kennel LLC,0,ORG
Ayers Legends German Shepherds LLC,0,ORG
B.E. GROTEWOLD D.S. GROTEWOLD,0,ORG
B&R Puppies LLC,0,ORG
Back Road Pets LLC,0,ORG
Backwood Pets LLC,0,ORG
Bailey LLC,0,ORG
BAPTIST RIDGE DOBERMANS INC,0,ORG